<?xml version="1.0" encoding="UTF-8"?>
<?xml-stylesheet href="configuration2html.xsl" type="text/xsl"?>
<configuration
  xmlns="urn:strike-devices:configuration"
  xmlns:xsi="http://www.w3.org/2001/XMLSchema-instance"
  xsi:schemaLocation="urn:strike-devices:configuration java/mccf/configuration-def.xsd"
  def-lang-version="1"
  lang="en"
  prefix="CFG_"
  icon-path="configuration.png"
  xmlns:xi="http://www.w3.org/2001/XInclude">
  
  <title>Dual Strike Configuration (ATmega168)</title>
  <title lang="de">Dual Strike Konfiguration (ATmega168)</title>
  <help path="configuration-help.html"/>
  <help lang="de" path="configuration-help_de.html"/>
  
  <device>2</device>
  <version>3</version>
  
  <page>
    <title>Defaults</title>
    <title lang="de">Standards</title>
    <help>Configure the default settings of the Dual Strike.</help>
    <help lang="de">Konfiguration der Dual Strike Standardeinstellungen.</help>
    
    <choice prefix="DEF_WORK_MODE_" default="AUTODETECT">
      <title>Default Working Mode</title>
      <title lang="de">Standard Arbeitsmodus</title>
      <help>The working mode which is activated on plugging in, if no button to change the working mode is pressed.</help>
      <help lang="de">Der Arbeitsmodus der aktiviert wird, falls kein Button um den Arbeitsmodus zu ändern gedrückt wird.</help>
            
      <option id="AUTODETECT">
        <title>Autodetection</title>
        <help>The Dual Strike determines in which mode to work by itself.</help>
        <help lang="de">Das Dual Strike bestimmt selbst, in welchem Modus es arbeitet.</help>
      </option>
	  
      <option id="PS3">
        <title>PS3 Controller</title>
        <help>The Dual Strike works as a PS3 controller (not on PC).</help>
        <help lang="de">Das Dual Strike arbeitet als PS3 Controller (nicht am PC).</help>
        <requires>WORK_MODE_PS3_ENABLED</requires>
      </option>

      <option id="PC">
        <title>PC Controller</title>
        <help>The Dual Strike works as a PC controller.</help>
        <help lang="de">Das Dual Strike arbeitet als PC Controller.</help>
        <requires>WORK_MODE_PC_ENABLED</requires>
      </option>

      <option id="MAME">
        <title>MAME Keyboard</title>
        <title lang="de">MAME Tastatur</title>
        <help>The Dual Strike works as a MAME compatible keyboard.</help>
        <help lang="de">Das Dual Strike arbeitet als eine MAME kompatible Tastatur.</help>
        <requires>WORK_MODE_MAME_ENABLED</requires>
      </option>

      <option id="XBOX">
        <title>XBox Controller</title>
        <help>The Dual Strike works as a XBox1 controller.</help>
        <help lang="de">Das Dual Strike arbeitet als eine XBox1 Controller.</help>
        <requires>WORK_MODE_XBOX_ENABLED</requires>
      </option>
      
      <option id="PT">
        <title>Pass-Through (XBox360 or other)</title>
        <title lang="de">Durchschleifen (XBox360 oder andere)</title>
        <help>The pass-through data connections are routed to the USB data connections on the Dual Strike PCB.</help>
        <help lang="de">Die Durschleif-Datenanschlüsse werden auf die USB Datenanschlüsse des Dual Strike PCB geleitet.</help>
        <requires>WORK_MODE_PT_ENABLED</requires>
      </option>
    </choice>
    
    <boolean id="WORK_MODE_PS3_ENABLED" default="true">
        <title>PS3 Controller</title>
        <help>The Dual Strike works as a PS3 controller (not on PC).</help>
        <help lang="de">Das Dual Strike arbeitet als PS3 Controller (nicht am PC).</help>
    </boolean>

    <boolean id="WORK_MODE_PC_ENABLED" default="true">
        <title>PC Controller</title>
        <help>The Dual Strike works as a PC controller.</help>
        <help lang="de">Das Dual Strike arbeitet als PC Controller.</help>
    </boolean>

    <boolean id="WORK_MODE_MAME_ENABLED" default="true">
        <title>MAME Keyboard</title>
        <title lang="de">MAME Tastatur</title>
        <help>The Dual Strike works as a MAME compatible keyboard.</help>
        <help lang="de">Das Dual Strike arbeitet als eine MAME kompatible Tastatur.</help>
    </boolean>
    
    <boolean id="WORK_MODE_XBOX_ENABLED" default="true">
        <title>XBox Controller</title>
        <help>The Dual Strike works as a XBox1 controller.</help>
        <help lang="de">Das Dual Strike arbeitet als eine XBox1 Controller.</help>
    </boolean>
    
    <boolean id="WORK_MODE_PT_ENABLED" default="true">
        <title>Pass-Through (XBox360 or other)</title>
        <title lang="de">Durchschleifen (XBox360 oder andere)</title>
        <help>The pass-through data connections are routed to the USB data connections on the Dual Strike PCB.</help>
        <help lang="de">Die Durschleif-Datenanschlüsse werden auf die USB Datenanschlüsse des Dual Strike PCB geleitet.</help>
    </boolean>
    
    <choice default="DIGITAL_PAD">
      <title>Default Joystick Mode</title>
      <title lang="de">Standard Joystick-Modus</title>
      <help>The joystick mode which is activated on plugging in, if no joystick direction to change the joystick mode is activated.</help>
      <help lang="de">Der Joystick-Modus der aktiviert wird, falls keine Joystick-Richtung um den Joystick-Modus zu ändern aktiviert wird.</help>
      
      <option id="DIGITAL_PAD">
        <title>Digital Pad</title>
        <title lang="de">Digitales Pad</title>
        <help>The joystick works as a digital pad.</help>
        <help lang="de">Der Joystick arbeitet als digitales Pad.</help>
      </option>
      
      <option id="LEFT_STICK">
        <title>Left Analog Stick</title>
        <title lang="de">Linker Analoger Stick</title>
        <help>The joystick works as a left analogue joystick.</help>
        <help lang="de">Der Joystick arbeitet als ein linker analoger Stick.</help>
      </option>
      
      <option id="RIGHT_STICK">
        <title>Right Analog Stick</title>
        <title lang="de">Rechter Analoger Stick</title>
        <help>The joystick works as a right analogue joystick.</help>
        <help lang="de">Der Joystick arbeitet als ein rechter analoger Stick.</help>
      </option>
    </choice>
	
	<choice default="MAME_DEFAULT_PLAYER_1">
		<title>MAME Default Player</title>
		<title lang="de">MAME Standard Spieler</title>
		<help>The player which is selected in MAME mode after turning on/plugging in the Dual Strike.</help>
		<help lang="de">Der Spieler welcher im MAME Modus ausgewählt ist, nachdem das Dual Strike angeschaltet/eingesteckt wurde.</help>
		<option id="MAME_DEFAULT_PLAYER_1">
			<title>Player 1</title>
			<title lang="de">Spieler 1</title>
		</option>
		<option id="MAME_DEFAULT_PLAYER_2">
			<title>Player 2</title>
			<title lang="de">Spieler 2</title>
		</option>
	</choice>
  </page>
  
  <page>
    <title>Hardware</title>
    <help>Settings related to the hardware.&lt;br/>&lt;img src="buttons.png"/></help>
    <help lang="de">Einstellungen im Zusammenhang mit der Hardware.&lt;br/>&lt;img src="buttons.png"/></help>
    
	<choice prefix="META_BUTTON_" default="START">
      <title>Meta Button</title>
      <help>Which button to use to activate special functions (like on-the-fly joystick mode switching).</help>
      <help lang="de">Welcher Button verwendet werden soll, um spezielle Funktionen (wie on-the-fly Joystick Modus Umschaltung) zu aktivieren.</help>
        
      <option id="START">
        <title>Start</title>
      </option>

      <option id="SELECT">
        <title>Select</title>
      </option>
	</choice>
	
    <boolean id="HOME_EMU" default="false">
      <title>Home Button Emulation</title>
      <help>Pressing the Select and Start buttons simultaneously is recognized as pressing the Home button.</help>
      <help lang="de">Gleichzeitiges Aktivieren der Select und Start Buttons wird als Drücken des Home Buttons gewertet.</help>
    </boolean>

    <boolean id="EMU_4X" default="false">
      <title>4K/4P Emulation</title>
      <help>Pressing the Meta (Start or Select) and HK buttons simultaneously is recognized as pressing 4K, pressing Meta and HP simultaneously is recognized as 4P.</help>
      <help lang="de">Gleichzeitiges Aktivieren der Meta (Start oder Select) und HK Buttons wird als Drücken des 4K Buttons gewertet, gleichzeitiges Aktivieren von Meta und HP wird als 4P gewertet.</help>
    </boolean>

    <choice default="NO_EXTRA_PINS">
      <title>S3/S4 Function</title>
      <title lang="de">S3/S4 Funktion</title>
      <help>The function of the S3 and S4 connections on the Dual Strike PCB.</help>
      <help lang="de">Die Funktion der S3 und S4-Anschlüsse auf dem Dual Strike PCB.</help>
        
      <option id="NO_EXTRA_PINS">
        <title>Nothing</title>
        <title lang="de">Nichts</title>
        <help>S3 and S4 will not be used.</help>
        <help lang="de">S3 und S4 werden nicht verwendet.</help>
      </option>
      
      <option id="JOYSTICK_SWITCH_READ">
        <title>Active Low Joystick Switch Reading</title>
        <title lang="de">Active-Low Joystick-Schalter Auslesen</title>
        <help>S3 and S4 should be connected to a SPCO switch as well as ground to the center position pin.&lt;br/>
This applies to the PS3/PC and XBox working modes.&lt;br/>
If the switch is in the center position the digital pad will be activated. In the&lt;br/>
left position the left analogue stick will be activated. In the other position&lt;br/>
the right analogue stick will be activated.</help>
        <help lang="de">S3 und S4 sollten mit einem SPCO Schalter verbunden sein&lt;br/>
genauso wie Ground zum Anschluß der mittleren Position. Dies gilt für die PS3/PC und XBox Arbeitsmodi.&lt;br/>
Ist der Schalter in der mittleren Position wird das digitale Pad aktiviert. In der linken Position&lt;br/>
wird der linke analoge Stick aktiviert. In der rechten Position wird der rechte&lt;br/>
analoge Stick aktiviert.</help>
      </option>
      
      <option id="JOYSTICK_SWITCH_EMU">
        <title>Joystick Switch Emulation</title>
        <title lang="de">Joystick-Schalter Emulation</title>
        <help>S3 and S4 should be connected to the pins for a active-low SPCO 
switch of the pass-through PCB. This applies to the pass-through working mode.&lt;br/>
The joystick setting of the Dual Strike will set the pass-through PCB's switch -&lt;br/>
either by default setting or by activating an appropiate joystick direction while plugging in.</help>
        <help lang="de">S3 und S4 sollten mit den Anschlüssen für einen Active-Low&lt;br/>
SPCO Schalter des durgeschliffenen PCBs verbunden sein.&lt;br/>
Dies gilt für den Durschleif-Arbeitsmodus.&lt;br/>
Die Joystick-Einstellung des Dual Strike wird den Schalter des durgeschliffenen&lt;br/> 
PCBs schalten - entweder durch Standard-Einstellung oder durch Aktivieren einer&lt;br/> 
entsprechenden Joystick-Richtung beim Einstecken.</help>
      </option>
      
      <option id="INVERTED_TRIGGERS">
        <title>Inverted Triggers</title>
        <title lang="de">Invertierte Trigger</title>
<help>S3 and S4 should be connected to the pins of active-high trigger buttons of&lt;br/>
the pass-through PCB while these are not connected to the MK and 4K buttons.&lt;br/>
This applies to the pass-through working mode.&lt;br/>
This will make the appropiate buttons work with active-high trigger PCBs.</help>
<help lang="de">S3 und S4 sollten mit den Anschlüssen für Active-High Trigger des&lt;br/>
durgeschliffenen PCBs verbunden werden, solange diese nicht mit den MK und 4K&lt;br/>
Buttons verbunden sind.&lt;br/>
Dies gilt für den Durschleif-Arbeitsmodus.&lt;br/>
Damit funkionieren die entsprechenden Buttons mit Active-High Trigger PCBs.</help>
      </option>

	  <option id="X3_READ">
        <title>L3/R3 Reading</title>
        <title lang="de">L3/R3 Auslesen</title>
<help>If buttons connected to S3 or S4 respectively are pressed, this will be recognized as L3 or R3 respectively in the PS3 working mode.</help>
<help lang="de">Wenn mit S3 beziehungsweise S4 verbundene Buttons aktiviert werden, wird dies als L3 beziehunsweise R3 im PS3 Arbeitsmodus gewertet.</help>
      </option>
  </choice>
  </page>

  <page>
    <title>MAME Button Layout 1</title>
    <title lang="de">MAME Button Anordnung 1</title>
    <help>The MAME button layout number 1. It is selected in MAME mode by pressing Meta (Start or Select), LK and joystick up.&lt;br/>&lt;img src="buttons.png"/></help>
    <help lang="de">Die MAME Button Anordnung Nummer 1. Sie wird im MAME Modus durch drücken von Meta (Start oder Select), LK und Joystick hoch aktiviert.&lt;br/>&lt;img src="buttons.png"/></help>

    <choice default="MAME_BL1_LK_BUTTON3">
      <title>LK</title>
        
      <option id="MAME_BL1_LK_NOTHING">
        <title>Nothing</title>
        <title lang="de">Nichts</title>
      </option>
      
      <option id="MAME_BL1_LK_BUTTON1">
        <title>Button 1</title>
      </option>

      <option id="MAME_BL1_LK_BUTTON2">
        <title>Button 2</title>
      </option>

      <option id="MAME_BL1_LK_BUTTON3">
        <title>Button 3</title>
      </option>
	  
      <option id="MAME_BL1_LK_BUTTON4">
        <title>Button 4</title>
      </option>

      <option id="MAME_BL1_LK_BUTTON5">
        <title>Button 5</title>
      </option>

      <option id="MAME_BL1_LK_BUTTON6">
        <title>Button 6</title>
      </option>
    </choice>

    <choice default="MAME_BL1_MK_BUTTON4">
      <title>MK</title>
        
      <option id="MAME_BL1_MK_NOTHING">
        <title>Nothing</title>
        <title lang="de">Nichts</title>
      </option>
      
      <option id="MAME_BL1_MK_BUTTON1">
        <title>Button 1</title>
      </option>

      <option id="MAME_BL1_MK_BUTTON2">
        <title>Button 2</title>
      </option>

      <option id="MAME_BL1_MK_BUTTON3">
        <title>Button 3</title>
      </option>
	  
      <option id="MAME_BL1_MK_BUTTON4">
        <title>Button 4</title>
      </option>

      <option id="MAME_BL1_MK_BUTTON5">
        <title>Button 5</title>
      </option>

      <option id="MAME_BL1_MK_BUTTON6">
        <title>Button 6</title>
      </option>
    </choice>
	
    <choice default="MAME_BL1_HK_BUTTON6">
      <title>HK</title>
        
      <option id="MAME_BL1_HK_NOTHING">
        <title>Nothing</title>
        <title lang="de">Nichts</title>
      </option>
      
      <option id="MAME_BL1_HK_BUTTON1">
        <title>Button 1</title>
      </option>

      <option id="MAME_BL1_HK_BUTTON2">
        <title>Button 2</title>
      </option>

      <option id="MAME_BL1_HK_BUTTON3">
        <title>Button 3</title>
      </option>
	  
      <option id="MAME_BL1_HK_BUTTON4">
        <title>Button 4</title>
      </option>

      <option id="MAME_BL1_HK_BUTTON5">
        <title>Button 5</title>
      </option>

      <option id="MAME_BL1_HK_BUTTON6">
        <title>Button 6</title>
      </option>
    </choice>

    <choice default="MAME_BL1_4K_NOTHING">
      <title>4K</title>
        
      <option id="MAME_BL1_4K_NOTHING">
        <title>Nothing</title>
        <title lang="de">Nichts</title>
      </option>
      
      <option id="MAME_BL1_4K_BUTTON1">
        <title>Button 1</title>
      </option>

      <option id="MAME_BL1_4K_BUTTON2">
        <title>Button 2</title>
      </option>

      <option id="MAME_BL1_4K_BUTTON3">
        <title>Button 3</title>
      </option>
	  
      <option id="MAME_BL1_4K_BUTTON4">
        <title>Button 4</title>
      </option>

      <option id="MAME_BL1_4K_BUTTON5">
        <title>Button 5</title>
      </option>

      <option id="MAME_BL1_4K_BUTTON6">
        <title>Button 6</title>
      </option>
    </choice>

    <choice default="MAME_BL1_LP_BUTTON1">
      <title>LP</title>
        
      <option id="MAME_BL1_LP_NOTHING">
        <title>Nothing</title>
        <title lang="de">Nichts</title>
      </option>
      
      <option id="MAME_BL1_LP_BUTTON1">
        <title>Button 1</title>
      </option>

      <option id="MAME_BL1_LP_BUTTON2">
        <title>Button 2</title>
      </option>

      <option id="MAME_BL1_LP_BUTTON3">
        <title>Button 3</title>
      </option>
	  
      <option id="MAME_BL1_LP_BUTTON4">
        <title>Button 4</title>
      </option>

      <option id="MAME_BL1_LP_BUTTON5">
        <title>Button 5</title>
      </option>

      <option id="MAME_BL1_LP_BUTTON6">
        <title>Button 6</title>
      </option>
    </choice>

    <choice default="MAME_BL1_MP_BUTTON2">
      <title>MP</title>
        
      <option id="MAME_BL1_MP_NOTHING">
        <title>Nothing</title>
        <title lang="de">Nichts</title>
      </option>
      
      <option id="MAME_BL1_MP_BUTTON1">
        <title>Button 1</title>
      </option>

      <option id="MAME_BL1_MP_BUTTON2">
        <title>Button 2</title>
      </option>

      <option id="MAME_BL1_MP_BUTTON3">
        <title>Button 3</title>
      </option>
	  
      <option id="MAME_BL1_MP_BUTTON4">
        <title>Button 4</title>
      </option>

      <option id="MAME_BL1_MP_BUTTON5">
        <title>Button 5</title>
      </option>

      <option id="MAME_BL1_MP_BUTTON6">
        <title>Button 6</title>
      </option>
    </choice>
	
    <choice default="MAME_BL1_HP_BUTTON5">
      <title>HP</title>
        
      <option id="MAME_BL1_HP_NOTHING">
        <title>Nothing</title>
        <title lang="de">Nichts</title>
      </option>
      
      <option id="MAME_BL1_HP_BUTTON1">
        <title>Button 1</title>
      </option>

      <option id="MAME_BL1_HP_BUTTON2">
        <title>Button 2</title>
      </option>

      <option id="MAME_BL1_HP_BUTTON3">
        <title>Button 3</title>
      </option>
	  
      <option id="MAME_BL1_HP_BUTTON4">
        <title>Button 4</title>
      </option>

      <option id="MAME_BL1_HP_BUTTON5">
        <title>Button 5</title>
      </option>

      <option id="MAME_BL1_HP_BUTTON6">
        <title>Button 6</title>
      </option>
    </choice>

    <choice default="MAME_BL1_4P_NOTHING">
      <title>4P</title>
        
      <option id="MAME_BL1_4P_NOTHING">
        <title>Nothing</title>
        <title lang="de">Nichts</title>
      </option>
      
      <option id="MAME_BL1_4P_BUTTON1">
        <title>Button 1</title>
      </option>

      <option id="MAME_BL1_4P_BUTTON2">
        <title>Button 2</title>
      </option>

      <option id="MAME_BL1_4P_BUTTON3">
        <title>Button 3</title>
      </option>
	  
      <option id="MAME_BL1_4P_BUTTON4">
        <title>Button 4</title>
      </option>

      <option id="MAME_BL1_4P_BUTTON5">
        <title>Button 5</title>
      </option>

      <option id="MAME_BL1_4P_BUTTON6">
        <title>Button 6</title>
      </option>
    </choice>
  </page>

  <page>
    <title>MAME Button Layout 2</title>
    <title lang="de">MAME Button Anordnung 2</title>
    <help>The MAME button layout number 2. It is selected in MAME mode by pressing Meta (Start or Select), LK and joystick right.&lt;br/>&lt;img src="buttons.png"/></help>
    <help lang="de">Die MAME Button Anordnung Nummer 2. Sie wird im MAME Modus durch drücken von Meta (Start oder Select), LK und Joystick rechts aktiviert.&lt;br/>&lt;img src="buttons.png"/></help>

    <choice default="MAME_BL2_LK_BUTTON4">
      <title>LK</title>
        
      <option id="MAME_BL2_LK_NOTHING">
        <title>Nothing</title>
        <title lang="de">Nichts</title>
      </option>
      
      <option id="MAME_BL2_LK_BUTTON1">
        <title>Button 1</title>
      </option>

      <option id="MAME_BL2_LK_BUTTON2">
        <title>Button 2</title>
      </option>

      <option id="MAME_BL2_LK_BUTTON3">
        <title>Button 3</title>
      </option>
	  
      <option id="MAME_BL2_LK_BUTTON4">
        <title>Button 4</title>
      </option>

      <option id="MAME_BL2_LK_BUTTON5">
        <title>Button 5</title>
      </option>

      <option id="MAME_BL2_LK_BUTTON6">
        <title>Button 6</title>
      </option>
    </choice>

    <choice default="MAME_BL2_MK_BUTTON5">
      <title>MK</title>
        
      <option id="MAME_BL2_MK_NOTHING">
        <title>Nothing</title>
        <title lang="de">Nichts</title>
      </option>
      
      <option id="MAME_BL2_MK_BUTTON1">
        <title>Button 1</title>
      </option>

      <option id="MAME_BL2_MK_BUTTON2">
        <title>Button 2</title>
      </option>

      <option id="MAME_BL2_MK_BUTTON3">
        <title>Button 3</title>
      </option>
	  
      <option id="MAME_BL2_MK_BUTTON4">
        <title>Button 4</title>
      </option>

      <option id="MAME_BL2_MK_BUTTON5">
        <title>Button 5</title>
      </option>

      <option id="MAME_BL2_MK_BUTTON6">
        <title>Button 6</title>
      </option>
    </choice>
	
    <choice default="MAME_BL2_HK_BUTTON6">
      <title>HK</title>
        
      <option id="MAME_BL2_HK_NOTHING">
        <title>Nothing</title>
        <title lang="de">Nichts</title>
      </option>
      
      <option id="MAME_BL2_HK_BUTTON1">
        <title>Button 1</title>
      </option>

      <option id="MAME_BL2_HK_BUTTON2">
        <title>Button 2</title>
      </option>

      <option id="MAME_BL2_HK_BUTTON3">
        <title>Button 3</title>
      </option>
	  
      <option id="MAME_BL2_HK_BUTTON4">
        <title>Button 4</title>
      </option>

      <option id="MAME_BL2_HK_BUTTON5">
        <title>Button 5</title>
      </option>

      <option id="MAME_BL2_HK_BUTTON6">
        <title>Button 6</title>
      </option>
    </choice>

    <choice default="MAME_BL2_4K_NOTHING">
      <title>4K</title>
        
      <option id="MAME_BL2_4K_NOTHING">
        <title>Nothing</title>
        <title lang="de">Nichts</title>
      </option>
      
      <option id="MAME_BL2_4K_BUTTON1">
        <title>Button 1</title>
      </option>

      <option id="MAME_BL2_4K_BUTTON2">
        <title>Button 2</title>
      </option>

      <option id="MAME_BL2_4K_BUTTON3">
        <title>Button 3</title>
      </option>
	  
      <option id="MAME_BL2_4K_BUTTON4">
        <title>Button 4</title>
      </option>

      <option id="MAME_BL2_4K_BUTTON5">
        <title>Button 5</title>
      </option>

      <option id="MAME_BL2_4K_BUTTON6">
        <title>Button 6</title>
      </option>
    </choice>

    <choice default="MAME_BL2_LP_BUTTON1">
      <title>LP</title>
        
      <option id="MAME_BL2_LP_NOTHING">
        <title>Nothing</title>
        <title lang="de">Nichts</title>
      </option>
      
      <option id="MAME_BL2_LP_BUTTON1">
        <title>Button 1</title>
      </option>

      <option id="MAME_BL2_LP_BUTTON2">
        <title>Button 2</title>
      </option>

      <option id="MAME_BL2_LP_BUTTON3">
        <title>Button 3</title>
      </option>
	  
      <option id="MAME_BL2_LP_BUTTON4">
        <title>Button 4</title>
      </option>

      <option id="MAME_BL2_LP_BUTTON5">
        <title>Button 5</title>
      </option>

      <option id="MAME_BL2_LP_BUTTON6">
        <title>Button 6</title>
      </option>
    </choice>

    <choice default="MAME_BL2_MP_BUTTON2">
      <title>MP</title>
        
      <option id="MAME_BL2_MP_NOTHING">
        <title>Nothing</title>
        <title lang="de">Nichts</title>
      </option>
      
      <option id="MAME_BL2_MP_BUTTON1">
        <title>Button 1</title>
      </option>

      <option id="MAME_BL2_MP_BUTTON2">
        <title>Button 2</title>
      </option>

      <option id="MAME_BL2_MP_BUTTON3">
        <title>Button 3</title>
      </option>
	  
      <option id="MAME_BL2_MP_BUTTON4">
        <title>Button 4</title>
      </option>

      <option id="MAME_BL2_MP_BUTTON5">
        <title>Button 5</title>
      </option>

      <option id="MAME_BL2_MP_BUTTON6">
        <title>Button 6</title>
      </option>
    </choice>
	
    <choice default="MAME_BL2_HP_BUTTON3">
      <title>HP</title>
        
      <option id="MAME_BL2_HP_NOTHING">
        <title>Nothing</title>
        <title lang="de">Nichts</title>
      </option>
      
      <option id="MAME_BL2_HP_BUTTON1">
        <title>Button 1</title>
      </option>

      <option id="MAME_BL2_HP_BUTTON2">
        <title>Button 2</title>
      </option>

      <option id="MAME_BL2_HP_BUTTON3">
        <title>Button 3</title>
      </option>
	  
      <option id="MAME_BL2_HP_BUTTON4">
        <title>Button 4</title>
      </option>

      <option id="MAME_BL2_HP_BUTTON5">
        <title>Button 5</title>
      </option>

      <option id="MAME_BL2_HP_BUTTON6">
        <title>Button 6</title>
      </option>
    </choice>

    <choice default="MAME_BL2_4P_NOTHING">
      <title>4P</title>
        
      <option id="MAME_BL2_4P_NOTHING">
        <title>Nothing</title>
        <title lang="de">Nichts</title>
      </option>
      
      <option id="MAME_BL2_4P_BUTTON1">
        <title>Button 1</title>
      </option>

      <option id="MAME_BL2_4P_BUTTON2">
        <title>Button 2</title>
      </option>

      <option id="MAME_BL2_4P_BUTTON3">
        <title>Button 3</title>
      </option>
	  
      <option id="MAME_BL2_4P_BUTTON4">
        <title>Button 4</title>
      </option>

      <option id="MAME_BL2_4P_BUTTON5">
        <title>Button 5</title>
      </option>

      <option id="MAME_BL2_4P_BUTTON6">
        <title>Button 6</title>
      </option>
    </choice>
  </page>

  <page>
    <title>MAME Button Layout 3</title>
    <title lang="de">MAME Button Anordnung 3</title>
    <help>The MAME button layout number 3. It is selected in MAME mode by pressing Meta (Start or Select), LK and joystick down.&lt;br/>&lt;img src="buttons.png"/></help>
    <help lang="de">Die MAME Button Anordnung Nummer 3. Sie wird im MAME Modus durch drücken von Meta (Start oder Select), LK und Joystick runter aktiviert.&lt;br/>&lt;img src="buttons.png"/></help>

    <choice default="MAME_BL3_LK_BUTTON5">
      <title>LK</title>
        
      <option id="MAME_BL3_LK_NOTHING">
        <title>Nothing</title>
        <title lang="de">Nichts</title>
      </option>
      
      <option id="MAME_BL3_LK_BUTTON1">
        <title>Button 1</title>
      </option>

      <option id="MAME_BL3_LK_BUTTON2">
        <title>Button 2</title>
      </option>

      <option id="MAME_BL3_LK_BUTTON3">
        <title>Button 3</title>
      </option>
	  
      <option id="MAME_BL3_LK_BUTTON4">
        <title>Button 4</title>
      </option>

      <option id="MAME_BL3_LK_BUTTON5">
        <title>Button 5</title>
      </option>

      <option id="MAME_BL3_LK_BUTTON6">
        <title>Button 6</title>
      </option>
    </choice>

    <choice default="MAME_BL3_MK_BUTTON6">
      <title>MK</title>
        
      <option id="MAME_BL3_MK_NOTHING">
        <title>Nothing</title>
        <title lang="de">Nichts</title>
      </option>
      
      <option id="MAME_BL3_MK_BUTTON1">
        <title>Button 1</title>
      </option>

      <option id="MAME_BL3_MK_BUTTON2">
        <title>Button 2</title>
      </option>

      <option id="MAME_BL3_MK_BUTTON3">
        <title>Button 3</title>
      </option>
	  
      <option id="MAME_BL3_MK_BUTTON4">
        <title>Button 4</title>
      </option>

      <option id="MAME_BL3_MK_BUTTON5">
        <title>Button 5</title>
      </option>

      <option id="MAME_BL3_MK_BUTTON6">
        <title>Button 6</title>
      </option>
    </choice>
	
    <choice default="MAME_BL3_HK_NOTHING">
      <title>HK</title>
        
      <option id="MAME_BL3_HK_NOTHING">
        <title>Nothing</title>
        <title lang="de">Nichts</title>
      </option>
      
      <option id="MAME_BL3_HK_BUTTON1">
        <title>Button 1</title>
      </option>

      <option id="MAME_BL3_HK_BUTTON2">
        <title>Button 2</title>
      </option>

      <option id="MAME_BL3_HK_BUTTON3">
        <title>Button 3</title>
      </option>
	  
      <option id="MAME_BL3_HK_BUTTON4">
        <title>Button 4</title>
      </option>

      <option id="MAME_BL3_HK_BUTTON5">
        <title>Button 5</title>
      </option>

      <option id="MAME_BL3_HK_BUTTON6">
        <title>Button 6</title>
      </option>
    </choice>

    <choice default="MAME_BL3_4K_NOTHING">
      <title>4K</title>
        
      <option id="MAME_BL3_4K_NOTHING">
        <title>Nothing</title>
        <title lang="de">Nichts</title>
      </option>
      
      <option id="MAME_BL3_4K_BUTTON1">
        <title>Button 1</title>
      </option>

      <option id="MAME_BL3_4K_BUTTON2">
        <title>Button 2</title>
      </option>

      <option id="MAME_BL3_4K_BUTTON3">
        <title>Button 3</title>
      </option>
	  
      <option id="MAME_BL3_4K_BUTTON4">
        <title>Button 4</title>
      </option>

      <option id="MAME_BL3_4K_BUTTON5">
        <title>Button 5</title>
      </option>

      <option id="MAME_BL3_4K_BUTTON6">
        <title>Button 6</title>
      </option>
    </choice>

    <choice default="MAME_BL3_LP_BUTTON1">
      <title>LP</title>
        
      <option id="MAME_BL3_LP_NOTHING">
        <title>Nothing</title>
        <title lang="de">Nichts</title>
      </option>
      
      <option id="MAME_BL3_LP_BUTTON1">
        <title>Button 1</title>
      </option>

      <option id="MAME_BL3_LP_BUTTON2">
        <title>Button 2</title>
      </option>

      <option id="MAME_BL3_LP_BUTTON3">
        <title>Button 3</title>
      </option>
	  
      <option id="MAME_BL3_LP_BUTTON4">
        <title>Button 4</title>
      </option>

      <option id="MAME_BL3_LP_BUTTON5">
        <title>Button 5</title>
      </option>

      <option id="MAME_BL3_LP_BUTTON6">
        <title>Button 6</title>
      </option>
    </choice>

    <choice default="MAME_BL3_MP_BUTTON2">
      <title>MP</title>
        
      <option id="MAME_BL3_MP_NOTHING">
        <title>Nothing</title>
        <title lang="de">Nichts</title>
      </option>
      
      <option id="MAME_BL3_MP_BUTTON1">
        <title>Button 1</title>
      </option>

      <option id="MAME_BL3_MP_BUTTON2">
        <title>Button 2</title>
      </option>

      <option id="MAME_BL3_MP_BUTTON3">
        <title>Button 3</title>
      </option>
	  
      <option id="MAME_BL3_MP_BUTTON4">
        <title>Button 4</title>
      </option>

      <option id="MAME_BL3_MP_BUTTON5">
        <title>Button 5</title>
      </option>

      <option id="MAME_BL3_MP_BUTTON6">
        <title>Button 6</title>
      </option>
    </choice>
	
    <choice default="MAME_BL3_HP_BUTTON3">
      <title>HP</title>
        
      <option id="MAME_BL3_HP_NOTHING">
        <title>Nothing</title>
        <title lang="de">Nichts</title>
      </option>
      
      <option id="MAME_BL3_HP_BUTTON1">
        <title>Button 1</title>
      </option>

      <option id="MAME_BL3_HP_BUTTON2">
        <title>Button 2</title>
      </option>

      <option id="MAME_BL3_HP_BUTTON3">
        <title>Button 3</title>
      </option>
	  
      <option id="MAME_BL3_HP_BUTTON4">
        <title>Button 4</title>
      </option>

      <option id="MAME_BL3_HP_BUTTON5">
        <title>Button 5</title>
      </option>

      <option id="MAME_BL3_HP_BUTTON6">
        <title>Button 6</title>
      </option>
    </choice>

    <choice default="MAME_BL3_4P_BUTTON4">
      <title>4P</title>
        
      <option id="MAME_BL3_4P_NOTHING">
        <title>Nothing</title>
        <title lang="de">Nichts</title>
      </option>
      
      <option id="MAME_BL3_4P_BUTTON1">
        <title>Button 1</title>
      </option>

      <option id="MAME_BL3_4P_BUTTON2">
        <title>Button 2</title>
      </option>

      <option id="MAME_BL3_4P_BUTTON3">
        <title>Button 3</title>
      </option>
	  
      <option id="MAME_BL3_4P_BUTTON4">
        <title>Button 4</title>
      </option>

      <option id="MAME_BL3_4P_BUTTON5">
        <title>Button 5</title>
      </option>

      <option id="MAME_BL3_4P_BUTTON6">
        <title>Button 6</title>
      </option>
    </choice>
  </page>

  <page>
    <title>MAME Button Layout 4</title>
    <title lang="de">MAME Button Anordnung 4</title>
    <help>The MAME button layout number 4. It is selected in MAME mode by pressing Meta (Start or Select), LK and joystick left.&lt;br/>&lt;img src="buttons.png"/></help>
    <help lang="de">Die MAME Button Anordnung Nummer 4. Sie wird im MAME Modus durch drücken von Meta (Start oder Select), LK und Joystick links aktiviert.&lt;br/>&lt;img src="buttons.png"/></help>

    <choice default="MAME_BL4_LK_BUTTON4">
      <title>LK</title>
        
      <option id="MAME_BL4_LK_NOTHING">
        <title>Nothing</title>
        <title lang="de">Nichts</title>
      </option>
      
      <option id="MAME_BL4_LK_BUTTON1">
        <title>Button 1</title>
      </option>

      <option id="MAME_BL4_LK_BUTTON2">
        <title>Button 2</title>
      </option>

      <option id="MAME_BL4_LK_BUTTON3">
        <title>Button 3</title>
      </option>
	  
      <option id="MAME_BL4_LK_BUTTON4">
        <title>Button 4</title>
      </option>

      <option id="MAME_BL4_LK_BUTTON5">
        <title>Button 5</title>
      </option>

      <option id="MAME_BL4_LK_BUTTON6">
        <title>Button 6</title>
      </option>
    </choice>

    <choice default="MAME_BL4_MK_BUTTON5">
      <title>MK</title>
        
      <option id="MAME_BL4_MK_NOTHING">
        <title>Nothing</title>
        <title lang="de">Nichts</title>
      </option>
      
      <option id="MAME_BL4_MK_BUTTON1">
        <title>Button 1</title>
      </option>

      <option id="MAME_BL4_MK_BUTTON2">
        <title>Button 2</title>
      </option>

      <option id="MAME_BL4_MK_BUTTON3">
        <title>Button 3</title>
      </option>
	  
      <option id="MAME_BL4_MK_BUTTON4">
        <title>Button 4</title>
      </option>

      <option id="MAME_BL4_MK_BUTTON5">
        <title>Button 5</title>
      </option>

      <option id="MAME_BL4_MK_BUTTON6">
        <title>Button 6</title>
      </option>
    </choice>
	
    <choice default="MAME_BL4_HK_BUTTON6">
      <title>HK</title>
        
      <option id="MAME_BL4_HK_NOTHING">
        <title>Nothing</title>
        <title lang="de">Nichts</title>
      </option>
      
      <option id="MAME_BL4_HK_BUTTON1">
        <title>Button 1</title>
      </option>

      <option id="MAME_BL4_HK_BUTTON2">
        <title>Button 2</title>
      </option>

      <option id="MAME_BL4_HK_BUTTON3">
        <title>Button 3</title>
      </option>
	  
      <option id="MAME_BL4_HK_BUTTON4">
        <title>Button 4</title>
      </option>

      <option id="MAME_BL4_HK_BUTTON5">
        <title>Button 5</title>
      </option>

      <option id="MAME_BL4_HK_BUTTON6">
        <title>Button 6</title>
      </option>
    </choice>

    <choice default="MAME_BL4_4K_NOTHING">
      <title>4K</title>
        
      <option id="MAME_BL4_4K_NOTHING">
        <title>Nothing</title>
        <title lang="de">Nichts</title>
      </option>
      
      <option id="MAME_BL4_4K_BUTTON1">
        <title>Button 1</title>
      </option>

      <option id="MAME_BL4_4K_BUTTON2">
        <title>Button 2</title>
      </option>

      <option id="MAME_BL4_4K_BUTTON3">
        <title>Button 3</title>
      </option>
	  
      <option id="MAME_BL4_4K_BUTTON4">
        <title>Button 4</title>
      </option>

      <option id="MAME_BL4_4K_BUTTON5">
        <title>Button 5</title>
      </option>

      <option id="MAME_BL4_4K_BUTTON6">
        <title>Button 6</title>
      </option>
    </choice>

    <choice default="MAME_BL4_LP_BUTTON1">
      <title>LP</title>
        
      <option id="MAME_BL4_LP_NOTHING">
        <title>Nothing</title>
        <title lang="de">Nichts</title>
      </option>
      
      <option id="MAME_BL4_LP_BUTTON1">
        <title>Button 1</title>
      </option>

      <option id="MAME_BL4_LP_BUTTON2">
        <title>Button 2</title>
      </option>

      <option id="MAME_BL4_LP_BUTTON3">
        <title>Button 3</title>
      </option>
	  
      <option id="MAME_BL4_LP_BUTTON4">
        <title>Button 4</title>
      </option>

      <option id="MAME_BL4_LP_BUTTON5">
        <title>Button 5</title>
      </option>

      <option id="MAME_BL4_LP_BUTTON6">
        <title>Button 6</title>
      </option>
    </choice>

    <choice default="MAME_BL4_MP_BUTTON2">
      <title>MP</title>
        
      <option id="MAME_BL4_MP_NOTHING">
        <title>Nothing</title>
        <title lang="de">Nichts</title>
      </option>
      
      <option id="MAME_BL4_MP_BUTTON1">
        <title>Button 1</title>
      </option>

      <option id="MAME_BL4_MP_BUTTON2">
        <title>Button 2</title>
      </option>

      <option id="MAME_BL4_MP_BUTTON3">
        <title>Button 3</title>
      </option>
	  
      <option id="MAME_BL4_MP_BUTTON4">
        <title>Button 4</title>
      </option>

      <option id="MAME_BL4_MP_BUTTON5">
        <title>Button 5</title>
      </option>

      <option id="MAME_BL4_MP_BUTTON6">
        <title>Button 6</title>
      </option>
    </choice>
	
    <choice default="MAME_BL4_HP_BUTTON3">
      <title>HP</title>
        
      <option id="MAME_BL4_HP_NOTHING">
        <title>Nothing</title>
        <title lang="de">Nichts</title>
      </option>
      
      <option id="MAME_BL4_HP_BUTTON1">
        <title>Button 1</title>
      </option>

      <option id="MAME_BL4_HP_BUTTON2">
        <title>Button 2</title>
      </option>

      <option id="MAME_BL4_HP_BUTTON3">
        <title>Button 3</title>
      </option>
	  
      <option id="MAME_BL4_HP_BUTTON4">
        <title>Button 4</title>
      </option>

      <option id="MAME_BL4_HP_BUTTON5">
        <title>Button 5</title>
      </option>

      <option id="MAME_BL4_HP_BUTTON6">
        <title>Button 6</title>
      </option>
    </choice>

    <choice default="MAME_BL4_4P_BUTTON4">
      <title>4P</title>
        
      <option id="MAME_BL4_4P_NOTHING">
        <title>Nothing</title>
        <title lang="de">Nichts</title>
      </option>
      
      <option id="MAME_BL4_4P_BUTTON1">
        <title>Button 1</title>
      </option>

      <option id="MAME_BL4_4P_BUTTON2">
        <title>Button 2</title>
      </option>

      <option id="MAME_BL4_4P_BUTTON3">
        <title>Button 3</title>
      </option>
	  
      <option id="MAME_BL4_4P_BUTTON4">
        <title>Button 4</title>
      </option>

      <option id="MAME_BL4_4P_BUTTON5">
        <title>Button 5</title>
      </option>

      <option id="MAME_BL4_4P_BUTTON6">
        <title>Button 6</title>
      </option>
    </choice>
  </page>
</configuration>
