<?xml version="1.0" encoding="UTF-8"?>
<configuration xmlns="urn:strike-devices:configuration">
  <title>Default Working Mode</title>
  <title lang="de">Standard Arbeitsmodus</title>
  <help>The working mode which is activated on plugging in, if no button to change the working mode is pressed.</help>
  <help lang="de">Der Arbeitsmodus der aktiviert wird, falls kein Button um den Arbeitsmodus zu ändern gedrückt wird.</help>
  	
  <option id="AUTODETECT">
    <title>Autodetection</title>
    <help>The Dual Strike determines in which mode to work by itself.</help>
    <help lang="de">Das Dual Strike bestimmt selbst, in welchem Modus es arbeitet.</help>
  </option>

  <option id="PS3">
    <title>PS3 Controller</title>
    <help>The Dual Strike works as a PS3 controller (not on PC).</help>
    <help lang="de">Das Dual Strike arbeitet als PS3 Controller (nicht am PC).</help>
    <requires>WORK_MODE_PS3_ENABLED</requires>
  </option>

  <option id="PC">
    <title>PC Controller</title>
    <help>The Dual Strike works as a PC controller.</help>
    <help lang="de">Das Dual Strike arbeitet als PC Controller.</help>
    <requires>WORK_MODE_PC_ENABLED</requires>
  </option>
  
  <option id="PT">
    <title>Pass-Through (XBox360 or other)</title>
    <title lang="de">Durchschleifen (XBox360 oder andere)</title>
    <help>The pass-through data connections are routed to the USB data connections on the Dual Strike PCB.</help>
    <help lang="de">Die Durschleif-Datenanschlüsse werden auf die USB Datenanschlüsse des Dual Strike PCB geleitet.</help>
    <requires>WORK_MODE_PT_ENABLED</requires>
  </option>
</configuration>
