<?xml version="1.0" encoding="UTF-8"?>
<configuration
  xmlns="urn:strike-devices:configuration"
  def-lang-version="2"
  lang="en"
  prefix="CFG_"
  icon-path="assets/configuration.png"
  xmlns:xi="http://www.w3.org/2001/XInclude">
  
  <device>1</device>
  <version>4</version>
  
  <title>Dual Strike Configuration (ATmega8)</title>
  <title lang="de">Dual Strike Konfiguration (ATmega8)</title>
  
  <?mcc:include assets/configuration_start.xml?>
  
  <page>
    <?mcc:include assets/configuration_modes_start.xml?>
    <choice prefix="DEF_WORK_MODE_" default="AUTODETECT">
      <?mcc:include assets/configuration_modes_common_default_wms.xml?>
    </choice>
    <?mcc:include assets/configuration_modes_common_wms.xml?>
  </page>
  
  <page>
    <?mcc:include assets/configuration_hardware_start.xml?>
    <boolean id="ON_THE_FLY_JOYSTICK_MODE_SWITCHING" default="false">
        <title>On-the-fly Joystick Mode Switching</title>
        <title lang="de">On-the-fly Joystick-Modus Umschaltung</title>
        <help>The joystick mode can be changed on-the-fly pressing Meta (Start or Select) and a joystick direction, if the joystick mode switch functionality is not activated.
    Disable to prevent unwanted switching to other joystick modes.</help>
        <help lang="de">Der Joystick-Modus kann während des Betriebs durch drücken von Meta (Start oder Select) und einer Joystick-Richtung geändert werden, wenn die Joystick-Modus-Schalter Funktion nicht aktiviert ist.
    Deaktiviere diese Option um ungewolltes Ändern des Joystick-Modus zu verhindern.</help>
    </boolean>
    <?mcc:include assets/configuration_hardware_end.xml?>
  </page>
</configuration>
